player_id,name,latent_1,latent_2,latent_3,latent_4,latent_5,latent_6,latent_7,latent_8,latent_9
abrej003,Jose Abreu,0.50959265,0.49156764,0.5367062,0.43062025,0.6271395,0.49563298,0.55313337,0.45191967,0.29123873
ackld001,Dustin Ackley,0.48843366,0.4649165,0.4236164,0.536816,0.57617366,0.44797564,0.39321917,0.54178125,0.55966043
adamc001,Cristhian Adames,0.4802013,0.42322284,0.41419607,0.52031916,0.4962535,0.51149136,0.43671495,0.5534374,0.51861507
adamm002,Matt Adams,0.533837,0.41590667,0.5647086,0.5235978,0.6437781,0.5462316,0.45606393,0.46696633,0.55212146
adrie001,Ehire Adrianza,0.47500178,0.49587765,0.44661868,0.49847248,0.47099656,0.5376633,0.3937029,0.53982496,0.5193978
ahmen001,Nick Ahmed,0.55126125,0.53200644,0.5392701,0.41172928,0.4068503,0.4583429,0.4963214,0.48987368,0.532563
alcaa001,Arismendy Alcantara,0.4874446,0.37592104,0.53345466,0.6079679,0.45138955,0.48151192,0.39860386,0.4839254,0.48641357
almoa001,Abraham Almonte,0.4573611,0.41509473,0.38748568,0.57326484,0.41995934,0.485074,0.4263445,0.51239574,0.48606277
alony001,Yonder Alonso,0.46299425,0.4960666,0.412392,0.5300878,0.6212597,0.52518153,0.4432017,0.51730174,0.63103956
altha001,Aaron Altherr,0.5096451,0.5290937,0.5790953,0.55751634,0.41771856,0.51010936,0.52856815,0.47113994,0.43648124
altuj001,Jose Altuve,0.4843444,0.5282604,0.4251568,0.2988664,0.48156604,0.48254475,0.5830068,0.39393684,0.49604055
alvap001,Pedro Alvarez,0.47300076,0.41015393,0.5341509,0.6241445,0.6350502,0.4909089,0.41834453,0.54193616,0.4159991
amara001,Alexi Amarista,0.54723144,0.42393285,0.3441493,0.5229992,0.5115508,0.43174133,0.4103009,0.53213495,0.6272482
andre001,Elvis Andrus,0.4393562,0.54065895,0.40750548,0.40585372,0.32724154,0.5151613,0.57932836,0.54845315,0.5581648
aokin001,Nori Aoki,0.31197083,0.49670666,0.30301476,0.41534537,0.37424725,0.37988275,0.45856136,0.5366642,0.6009195
arcio001,Oswaldo Arcia,0.45480525,0.39663455,0.5699183,0.60390085,0.6053336,0.55002105,0.43718702,0.44960076,0.4551746
arenj001,J.P. Arencibia,0.5990753,0.47143292,0.6504476,0.49957344,0.46006188,0.41794035,0.45453462,0.4143061,0.49610156
arenn001,Nolan Arenado,0.5098584,0.5271638,0.55773926,0.37378016,0.5959672,0.42191622,0.5022639,0.4111903,0.45893836
ariaj001,Joaquin Arias,0.5783061,0.44503263,0.462746,0.30723363,0.4046287,0.5149981,0.5500229,0.4500033,0.54121375
aschc001,Cody Asche,0.47018096,0.42635384,0.5410604,0.56696564,0.56139284,0.62294114,0.3840641,0.4942347,0.5135722
avila001,Alex Avila,0.4841445,0.49661767,0.5356474,0.7500309,0.6114603,0.61546254,0.45197952,0.6052919,0.55064344
avilm001,Mike Aviles,0.512316,0.5112937,0.4583958,0.3733176,0.42314962,0.45868933,0.4765353,0.5108271,0.6096046
aybae001,Erick Aybar,0.42004263,0.39444157,0.39606208,0.36842403,0.48570123,0.46879765,0.40138537,0.4865818,0.555707
baezj001,Javier Baez,0.56821775,0.4896321,0.62556744,0.5662833,0.4354298,0.4950894,0.59876543,0.46260774,0.42138812
bakej001,Jeff Baker,0.49469078,0.46649352,0.56576264,0.5065169,0.45863032,0.5087132,0.57170546,0.527651,0.39961928
barmc001,Clint Barmes,0.58258736,0.5171491,0.5389242,0.45157942,0.4509186,0.48392594,0.5368606,0.35521927,0.5755801
barnb002,Brandon Barnes,0.47503293,0.42639396,0.4878461,0.52943915,0.36111677,0.5639365,0.560813,0.46683457,0.4603152
barnd001,Darwin Barney,0.57649606,0.5902241,0.5090954,0.3707555,0.5042145,0.40178654,0.4557492,0.5024411,0.5922378
barnt001,Tucker Barnhart,0.4901632,0.4813339,0.4216581,0.48676682,0.5253036,0.5209269,0.47933435,0.5380035,0.55417955
bautj002,Jose Bautista,0.49101457,0.6808858,0.5905517,0.49469352,0.581676,0.30947897,0.49085495,0.54388887,0.45679423
beckg001,Gordon Beckham,0.5629712,0.5649897,0.5226839,0.4223097,0.48561776,0.5141704,0.49364173,0.49550053,0.5700552
beckt001,Tim Beckham,0.55200136,0.4721347,0.5497696,0.54138845,0.41793513,0.42325008,0.5492613,0.49592063,0.4397412
belta001,Adrian Beltre,0.47021732,0.5964112,0.53657013,0.35650307,0.63485867,0.5024567,0.58258116,0.44922602,0.4618199
beltb001,Brandon Belt,0.47232336,0.48641714,0.54268295,0.6371687,0.6566627,0.61052936,0.47435802,0.44613343,0.5633704
beltc001,Carlos Beltran,0.4971685,0.5151439,0.58244026,0.46041685,0.6087059,0.4983694,0.45187953,0.5450671,0.5486496
betay001,Yuniesky Betancourt,0.5970018,0.46487817,0.57687294,0.37171724,0.43953985,0.45519316,0.5043006,0.40833724,0.546262
bethc001,Christian Bethancourt,0.54576904,0.46901843,0.49061346,0.40908843,0.3757806,0.45647797,0.5238944,0.44796133,0.49967813
bettm001,Mookie Betts,0.463497,0.59865785,0.527215,0.4117025,0.5262941,0.48192018,0.5511413,0.4124843,0.5575175
blacc001,Charlie Blackmon,0.45798776,0.41688108,0.47213608,0.44886243,0.5827892,0.56735754,0.3770168,0.42696238,0.45037144
blana001,Andres Blanco,0.46387106,0.5262273,0.44904625,0.47203234,0.48349273,0.46007803,0.4243544,0.48933598,0.47478628
blang001,Gregor Blanco,0.45308948,0.49589387,0.35682896,0.5679667,0.5038064,0.55121607,0.42492285,0.5171475,0.5253569
blank002,Kyle Blanks,0.5708983,0.5544669,0.54744244,0.53765017,0.464637,0.4738862,0.5553483,0.43860886,0.47018462
bloow001,Willie Bloomquist,0.5421543,0.47420183,0.41456926,0.39445907,0.40885118,0.60934764,0.53248143,0.52765906,0.54871875
bogax001,Xander Bogaerts,0.48854113,0.5002217,0.4851075,0.44258168,0.44252807,0.52413505,0.5630735,0.45120504,0.50973815
bonie001,Emilio Bonifacio,0.5015429,0.43152466,0.41669232,0.50100577,0.36234057,0.52923286,0.4299996,0.55381364,0.5127583
bourj002,Justin Bour,0.48261267,0.43699154,0.5172844,0.55635184,0.613906,0.5377967,0.42676634,0.5533668,0.43979698
bourm001,Michael Bourn,0.51143396,0.42119616,0.3237834,0.6164044,0.47206435,0.5442521,0.43453866,0.54125154,0.568136
bourp001,Peter Bourjos,0.495864,0.44870794,0.45358494,0.49980164,0.352958,0.42822242,0.5399664,0.4973815,0.404268
bradj001,Jackie Bradley,0.48364037,0.4857639,0.47285295,0.6366235,0.5009508,0.53807604,0.41832256,0.52416354,0.54219645
branm003,Michael Brantley,0.3347866,0.49030071,0.42579854,0.4686282,0.68193924,0.521656,0.44300255,0.5009262,0.55781394
braur002,Ryan Braun,0.48441955,0.47477823,0.5856362,0.44996223,0.5273513,0.52189565,0.5202341,0.55479956,0.36372083
browd004,Domonic Brown,0.46681437,0.4408002,0.5012322,0.5236029,0.5983556,0.5381516,0.44080254,0.5580265,0.5196003
brucj001,Jay Bruce,0.5165489,0.46616265,0.5617268,0.62722844,0.6657682,0.5610329,0.40304837,0.48017967,0.5341902
bryak001,Kris Bryant,0.4998947,0.6072223,0.59633183,0.6321878,0.46425527,0.48532528,0.6424119,0.40935823,0.48356977
buckj001,John Buck,0.53610456,0.51881695,0.5909222,0.47804672,0.42752728,0.5684082,0.6290735,0.51613605,0.39623982
burnb002,Billy Burns,0.44693708,0.4051063,0.39587963,0.42896488,0.42322198,0.40195855,0.47693983,0.43822488,0.5693845
buted001,Drew Butera,0.62578,0.54163766,0.53638536,0.48335633,0.484317,0.5119886,0.45266998,0.47079527,0.52850777
butlb003,Billy Butler,0.5615564,0.54923975,0.5467415,0.42039967,0.5510398,0.56125873,0.63418555,0.6305666,0.46916664
buxtb001,Byron Buxton,0.5648583,0.4643359,0.55524015,0.49822888,0.38200727,0.4832863,0.5099806,0.42438516,0.46509
byrdm001,Marlon Byrd,0.50025797,0.48319831,0.60513633,0.503454,0.46951932,0.41634956,0.59412926,0.34400773,0.45528692
cabra002,Asdrubal Cabrera,0.47445098,0.5049759,0.5580869,0.48345137,0.5292296,0.5463863,0.38723612,0.473,0.5160726
cabre001,Everth Cabrera,0.45806277,0.4051862,0.3181435,0.5405804,0.35041773,0.4904156,0.4620319,0.5341649,0.531143
cabrm001,Miguel Cabrera,0.47326216,0.60711235,0.5836994,0.45265704,0.6787076,0.5690314,0.7143562,0.5176621,0.41920888
cabrm002,Melky Cabrera,0.49183503,0.48560226,0.43464923,0.4189856,0.5794187,0.48578376,0.50132,0.5339587,0.583064
cainl001,Lorenzo Cain,0.49433336,0.50738525,0.471457,0.42112848,0.445959,0.5478679,0.53500044,0.458438,0.41140145
calhk001,Kole Calhoun,0.4762312,0.43753427,0.5034233,0.57433486,0.6496242,0.54489493,0.47616673,0.5003511,0.53944623
calla001,Alberto Callaspo,0.50935245,0.6014729,0.42358398,0.46030164,0.49510723,0.5338681,0.47021708,0.616268,0.70608324
campe001,Eric Campbell,0.51925683,0.5617484,0.5546922,0.50689006,0.4449707,0.54766595,0.5640528,0.47215593,0.5249006
canhm001,Mark Canha,0.4910074,0.51200783,0.5843777,0.43629003,0.46155828,0.48267967,0.5286451,0.4903507,0.44757602
canor001,Robinson Cano,0.40755644,0.43456566,0.39229807,0.4757715,0.7139912,0.442441,0.48077276,0.5066219,0.4357671
carpm001,Mike Carp,0.52163136,0.51166934,0.4668523,0.61720985,0.5360302,0.50038713,0.46568468,0.518828,0.4985269
carpm002,Matt Carpenter,0.53106165,0.5943968,0.40119538,0.6061899,0.69405407,0.65317595,0.40523386,0.4566194,0.50126386
carre001,Ezequiel Carrera,0.45369825,0.3374598,0.3743343,0.54956937,0.4362089,0.4941937,0.46601477,0.5273694,0.51885045
cartc002,Chris Carter,0.5726402,0.62422425,0.65899795,0.63955015,0.5459819,0.42351365,0.5691976,0.44927496,0.49159205
casac001,Curt Casali,0.54064023,0.5687368,0.596061,0.55007607,0.45195764,0.4418299,0.55486727,0.4387503,0.41854233
castj006,Jason Castro,0.49344128,0.45270163,0.530301,0.6699902,0.6419343,0.54150724,0.46203876,0.48961237,0.5519384
castn001,Nick Castellanos,0.5717988,0.55092835,0.6254425,0.49171126,0.49299768,0.58724874,0.6652356,0.42835647,0.5678241
castr004,Rusney Castillo,0.4769505,0.4442506,0.51334375,0.38407028,0.3584022,0.47577405,0.5960703,0.56160605,0.42178097
casts001,Starlin Castro,0.5652986,0.48122963,0.52297676,0.3727232,0.45596582,0.538745,0.57710445,0.48686945,0.43128145
castw002,Welington Castillo,0.5825261,0.564392,0.56719154,0.5040844,0.51985544,0.48714077,0.6030795,0.44202372,0.45257518
cervf001,Francisco Cervelli,0.54081905,0.59349793,0.49247742,0.48153257,0.43377072,0.58928686,0.64515626,0.50849146,0.4587342
cespy001,Yoenis Cespedes,0.49478197,0.5210455,0.597315,0.4454602,0.5073426,0.43902004,0.48187694,0.37208474,0.42287093
chave001,Eric Chavez,0.44339752,0.4678375,0.4965754,0.56298774,0.61159897,0.4911348,0.45752728,0.4867325,0.5470454
chave002,Endy Chavez,0.4997757,0.44063756,0.3117625,0.40530935,0.47110343,0.45756328,0.4557309,0.53087676,0.58107173
chirr001,Robinson Chirinos,0.553521,0.5830628,0.5660164,0.48021752,0.4793242,0.43148014,0.5309474,0.4455234,0.4856118
chisl001,Lonnie Chisenhall,0.50525224,0.45284885,0.4999473,0.48468205,0.5496334,0.53075176,0.4015519,0.508726,0.50645167
choos001,Shin-Soo Choo,0.41959065,0.50874805,0.38445514,0.67919487,0.63854694,0.5077405,0.4537727,0.47594324,0.4539301
cirip001,Pedro Ciriaco,0.5643385,0.43538317,0.48115015,0.40947434,0.3678161,0.45520687,0.48778805,0.39067018,0.5044255
coghc001,Chris Coghlan,0.4269001,0.4745831,0.45935848,0.5777017,0.5777291,0.54259664,0.43299595,0.51189476,0.5221843
colac001,Chris Colabello,0.47639713,0.4193691,0.5456013,0.51334125,0.44284436,0.5129515,0.6312796,0.5689825,0.34930593
collt002,Tyler Collins,0.4890706,0.4618439,0.45890307,0.56238836,0.5884338,0.53971964,0.4186342,0.46059996,0.5872676
confm001,Michael Conforto,0.46312347,0.47229353,0.50719464,0.58447,0.6156358,0.5658936,0.38007346,0.53222406,0.51684064
congh001,Hank Conger,0.44439626,0.44861355,0.6126476,0.5492087,0.5444172,0.617838,0.3941748,0.53577363,0.5089308
corpc001,Carlos Corporan,0.5647105,0.49892217,0.5297632,0.53757954,0.51586217,0.50921136,0.4667118,0.4408161,0.5095455
corrc001,Carlos Correa,0.43321043,0.5000883,0.58318585,0.43722042,0.51018316,0.48207134,0.54627895,0.6057659,0.38008136
cowgc001,Collin Cowgill,0.53619194,0.47797117,0.48295325,0.50359935,0.391147,0.39346808,0.49696484,0.4998519,0.40384287
cozaz001,Zack Cozart,0.53866386,0.51455516,0.5135954,0.39971083,0.4056093,0.38713554,0.47852618,0.4359649,0.5452802
craia001,Allen Craig,0.50834423,0.5131656,0.52406865,0.48111415,0.4402487,0.5269498,0.61281335,0.526543,0.49484405
crawb001,Brandon Crawford,0.48943114,0.4568525,0.46585357,0.5472955,0.57133883,0.52927876,0.37631932,0.49180982,0.46239272
crawc002,Carl Crawford,0.48922685,0.44151464,0.38294277,0.49074918,0.5349582,0.49057022,0.41754994,0.4500711,0.5586683
crisc001,Coco Crisp,0.42601424,0.58757085,0.529077,0.4733799,0.5494623,0.48017487,0.4149291,0.57433015,0.5982363
cronc002,C.J. Cron,0.5462252,0.4597776,0.56143546,0.46777916,0.54063976,0.48369876,0.53113705,0.4961873,0.48477045
cruzn002,Nelson Cruz,0.52867866,0.49295017,0.6176605,0.48570445,0.61383414,0.45690408,0.5806651,0.5573535,0.38811487
cruzt002,Tony Cruz,0.52830344,0.45486918,0.50513816,0.42636347,0.3840592,0.4953115,0.52472734,0.5433656,0.49855426
cuddm001,Michael Cuddyer,0.47310212,0.47716364,0.5711702,0.41556817,0.49949834,0.54216844,0.62127835,0.50799817,0.37792033
culbc001,Charlie Culberson,0.5162677,0.40211055,0.52474695,0.4782889,0.38820273,0.5122738,0.5276401,0.50544554,0.45241815
cuthc001,Cheslor Cuthbert,0.4944915,0.53253275,0.5684428,0.43559545,0.4405655,0.49524847,0.58066094,0.507372,0.5006229
darnt001,Travis d'Arnaud,0.50099313,0.55232847,0.56640476,0.44743708,0.4956966,0.4537695,0.5280337,0.49873394,0.49365237
davic003,Chris Davis,0.48147118,0.5040035,0.6391197,0.6768522,0.6865425,0.56548834,0.42710674,0.5343309,0.43256354
davii001,Ike Davis,0.53274554,0.555222,0.50831634,0.60762364,0.5804706,0.4963003,0.44966817,0.6516989,0.53134227
davik003,Khris Davis,0.51657265,0.56610644,0.6353203,0.49834964,0.49802998,0.43298206,0.53704685,0.40736306,0.4120231
davir003,Rajai Davis,0.42535812,0.46121043,0.5233462,0.42252952,0.41705546,0.4773598,0.4707915,0.44784796,0.49073774
deaza001,Alejandro de Aza,0.45636272,0.47944826,0.4013905,0.58648044,0.53675234,0.55552095,0.3855694,0.45553586,0.47690895
dejed001,David DeJesus,0.43918863,0.52733576,0.4727929,0.54284275,0.57146186,0.5809934,0.40430158,0.52589023,0.535663
dejei002,Ivan De Jesus,0.5133608,0.509236,0.58383936,0.48963064,0.4352182,0.57650626,0.59087926,0.5843402,0.43911603
dendm001,Matt den Dekker,0.46973628,0.48778918,0.43324938,0.5984293,0.52933556,0.56114227,0.43675965,0.56459105,0.495457
denoc001,Chris Denorfia,0.53133404,0.48887178,0.48764282,0.41772297,0.4035236,0.59928215,0.56899506,0.6282656,0.4143928
descd001,Daniel Descalso,0.4570791,0.47411478,0.43492353,0.5424033,0.55056566,0.5588109,0.3579985,0.5143289,0.5345924
deshd002,Delino DeShields,0.46295685,0.55255073,0.4392652,0.5015125,0.35649848,0.45690176,0.5064333,0.47625434,0.45997286
desmi001,Ian Desmond,0.41915384,0.4267372,0.58332074,0.5065125,0.4077559,0.510655,0.5289268,0.50840557,0.3851725
dickc002,Corey Dickerson,0.44965714,0.4049929,0.5112243,0.5064271,0.5945103,0.43421084,0.45228598,0.45648444,0.41618764
dietd001,Derek Dietrich,0.48335433,0.48305497,0.5249345,0.54941064,0.5442672,0.5765006,0.39121747,0.44741675,0.44280064
dirka001,Andy Dirks,0.4455146,0.4495101,0.45981884,0.5328106,0.55288404,0.5235101,0.43631744,0.5977173,0.515918
domim001,Matt Dominguez,0.53682214,0.48178202,0.58429587,0.4403866,0.49287608,0.46887076,0.52067935,0.49762875,0.562256
donaj001,Josh Donaldson,0.49958712,0.60973567,0.56873417,0.46013156,0.5513207,0.46156502,0.5507453,0.51045424,0.40326834
doumr001,Ryan Doumit,0.5098698,0.48735473,0.53339887,0.51157266,0.5433336,0.5372741,0.4578286,0.56294525,0.52364814
dozib001,Brian Dozier,0.49573472,0.6668625,0.57685953,0.49748778,0.41708353,0.31131524,0.4887301,0.39888036,0.5124669
drews001,Stephen Drew,0.49803174,0.52047926,0.5992663,0.56876147,0.55831057,0.572439,0.31654084,0.5876544,0.5298776
drurb001,Brandon Drury,0.5250874,0.52999634,0.49236554,0.40343952,0.46023762,0.44681022,0.5394665,0.5073292,0.48705485
dudal001,Lucas Duda,0.5122379,0.5891183,0.5916513,0.6410759,0.6696717,0.6175069,0.40405065,0.45167,0.48828003
duffm002,Matt Duffy,0.47026414,0.43549287,0.5339768,0.38649976,0.46228015,0.6120136,0.5919477,0.5515428,0.474809
dunna001,Adam Dunn,0.515402,0.55648994,0.59668547,0.6672095,0.6135418,0.5078737,0.42546245,0.53693706,0.44893757
duvaa001,Adam Duvall,0.56939447,0.5462684,0.6398542,0.5158661,0.5010456,0.4458607,0.5311142,0.39344865,0.48855388
dysoj001,Jarrod Dyson,0.35483727,0.38853514,0.29899323,0.54753584,0.34697092,0.42839098,0.42628276,0.55907273,0.4885211
eatoa002,Adam Eaton,0.41767555,0.4598016,0.30248806,0.5384809,0.45273936,0.36640677,0.48591998,0.4673775,0.48243615
ellia001,A.J. Ellis,0.53182256,0.66573256,0.56180817,0.47190583,0.46454242,0.5850477,0.5810344,0.5681301,0.5020871
ellim001,Mark Ellis,0.5976822,0.52281255,0.424101,0.4254417,0.43177265,0.5323542,0.5083526,0.3964818,0.60007936
ellsj001,Jacoby Ellsbury,0.46516305,0.46719784,0.35713738,0.51859623,0.5707704,0.5150896,0.45677513,0.49958992,0.5560619
elmoj001,Jake Elmore,0.5029332,0.546007,0.45294893,0.42397147,0.4086846,0.46374008,0.54232764,0.5492512,0.49721986
encae001,Edwin Encarnacion,0.46976262,0.6609154,0.63525337,0.43813196,0.5857323,0.30650797,0.5077997,0.5183225,0.47558814
escoa003,Alcides Escobar,0.5126023,0.46149975,0.41490507,0.34268603,0.34510595,0.5486118,0.48358625,0.45151055,0.59242135
escoe001,Eduardo Escobar,0.5015146,0.5052,0.47283256,0.5134611,0.53497547,0.50591797,0.4390481,0.4304863,0.55605316
escoy001,Yunel Escobar,0.54694897,0.6228459,0.4666886,0.37438434,0.4899575,0.559978,0.60370475,0.58270293,0.46093887
espid001,Danny Espinosa,0.46952006,0.4071278,0.44805086,0.6034592,0.4586306,0.4245076,0.34030807,0.40079895,0.4064849
ethia001,Andre Ethier,0.4703837,0.4971885,0.47648183,0.5206788,0.57121944,0.5678422,0.42625892,0.5012433,0.50980943
fielp001,Prince Fielder,0.48284766,0.5336608,0.445881,0.48454335,0.6927593,0.47097352,0.48860773,0.5180874,0.47470537
flahr001,Ryan Flaherty,0.4158628,0.39398035,0.49096656,0.57530355,0.5033287,0.5280547,0.37922215,0.51442987,0.4931708
florp001,Pedro Florimon,0.505217,0.46012312,0.49292368,0.5622972,0.4313991,0.5839046,0.39809144,0.55966884,0.5171921
florw001,Wilmer Flores,0.5093276,0.45829338,0.51827043,0.35676473,0.48592275,0.48189825,0.4983829,0.4642487,0.5773689
flowt001,Tyler Flowers,0.5459352,0.43173623,0.59701043,0.5335753,0.4259532,0.45454723,0.55397534,0.48104036,0.43432957
forsl001,Logan Forsythe,0.59216475,0.6523468,0.5358735,0.45262563,0.47099382,0.5555884,0.59488916,0.48014492,0.44447884
fowld001,Dexter Fowler,0.44519705,0.5236394,0.5008515,0.5995561,0.5337241,0.609221,0.47444147,0.56175613,0.5267358
franj004,Jeff Francoeur,0.5679876,0.4317167,0.50706005,0.45331895,0.46743146,0.44726464,0.5402289,0.46795183,0.5108903
franj005,Juan Francisco,0.49694,0.44303477,0.5603535,0.6792944,0.54745275,0.48604703,0.44094414,0.51234746,0.42545745
frank001,Kevin Frandsen,0.5278289,0.45407975,0.46035188,0.3189393,0.39262208,0.47692755,0.55116826,0.48510006,0.55396414
franm004,Maikel Franco,0.49895912,0.5436092,0.52885556,0.43898767,0.5270516,0.43420732,0.5176892,0.44706646,0.4344633
frann001,Nick Franklin,0.564678,0.5244593,0.5896276,0.6488411,0.57738674,0.5683917,0.40268156,0.5427816,0.5601516
frazt001,Todd Frazier,0.5512587,0.5820158,0.59597033,0.48119402,0.53027666,0.4226071,0.5530438,0.43366578,0.48988804
freed001,David Freese,0.52134734,0.50996405,0.5213757,0.47588524,0.44757333,0.5725004,0.62054706,0.56323826,0.39946115
freef001,Freddie Freeman,0.49247336,0.52299476,0.49802044,0.6234712,0.7192472,0.6109153,0.49743548,0.5109617,0.52251935
fulds001,Sam Fuld,0.39060396,0.49815935,0.40272462,0.5241154,0.40737078,0.5725925,0.3309791,0.5987098,0.51792103
galvf001,Freddy Galvis,0.5735661,0.45664525,0.46747482,0.45814902,0.49094084,0.5755874,0.40244687,0.5045337,0.5530067
garca003,Avisail Garcia,0.57073045,0.4644304,0.50418055,0.43510017,0.46625006,0.54064995,0.57057697,0.54698277,0.35523754
garca004,Adonis Garcia,0.5273506,0.44026005,0.48417458,0.40022558,0.46668658,0.49645847,0.55878687,0.520298,0.46044174
garcg002,Greg Garcia,0.47633553,0.503564,0.44730854,0.54156536,0.5384549,0.4847787,0.42487717,0.5289979,0.5041424
gardb001,Brett Gardner,0.4360567,0.50899506,0.42078623,0.5818087,0.5156347,0.53759,0.39244807,0.46505308,0.4957912
gatte001,Evan Gattis,0.54600996,0.46481675,0.61740196,0.4473593,0.5320245,0.38077426,0.5093985,0.4768298,0.4587143
genns001,Scooter Gennett,0.50127226,0.34266597,0.43626502,0.44280857,0.5772861,0.46765193,0.45041233,0.4275753,0.52823037
gentc001,Craig Gentry,0.46816745,0.54838425,0.44311988,0.46483037,0.3396958,0.47611645,0.53928626,0.43158227,0.50679606
giavj001,Johnny Giavotella,0.4342753,0.5440179,0.4528361,0.36334014,0.37538436,0.5138857,0.5550253,0.49369758,0.54541886
gillc001,Conor Gillaspie,0.4840912,0.48071498,0.47289068,0.5187008,0.6176828,0.5725787,0.4065271,0.51550055,0.5676856
gillc002,Cole Gillespie,0.4668644,0.4889777,0.47357106,0.42127168,0.40366748,0.56207436,0.5395949,0.5682561,0.497341
gimec001,Chris Gimenez,0.4914894,0.55049634,0.57280445,0.47485793,0.4232048,0.46850222,0.5358085,0.50878495,0.45940292
goinr001,Ryan Goins,0.43708184,0.39399794,0.35078865,0.56046045,0.42642853,0.46626845,0.44188464,0.5265538,0.56998974
goldp001,Paul Goldschmidt,0.4537236,0.5806161,0.5886559,0.52141225,0.62558913,0.5783766,0.6527884,0.51930434,0.3281798
gomec002,Carlos Gomez,0.4687678,0.5165348,0.54447716,0.4940863,0.45286822,0.46108377,0.50726163,0.38059267,0.41760197
gomej001,Jonny Gomes,0.55836225,0.61238766,0.5001617,0.6188852,0.4819304,0.4171195,0.5397245,0.439813,0.51328886
gomey001,Yan Gomes,0.5772763,0.45538574,0.59151983,0.44967896,0.5272818,0.51954854,0.5944329,0.40719187,0.49277425
gonza003,Adrian Gonzalez,0.492593,0.4823594,0.5314244,0.5373257,0.7255662,0.54196465,0.42596135,0.50510144,0.52498955
gonzc001,Carlos Gonzalez,0.42434168,0.3914081,0.5781415,0.5666373,0.6067847,0.4311582,0.4177852,0.53925234,0.4283045
gonzm002,Marwin Gonzalez,0.4728215,0.43491688,0.43987536,0.47359747,0.4531632,0.4893697,0.44651225,0.46283445,0.5343783
gorda001,Alex Gordon,0.46474764,0.5072371,0.46389556,0.5805961,0.6386585,0.602566,0.40147012,0.47321197,0.47525516
gordd002,Dee Gordon,0.440627,0.3653072,0.24407592,0.46431285,0.35892162,0.37311926,0.39711028,0.40619886,0.45091906
gosea001,Anthony Gose,0.43938163,0.40881884,0.31479728,0.63685715,0.41609362,0.4021107,0.46031556,0.4949716,0.47097874
goset001,Tuffy Gosewisch,0.5520965,0.46505374,0.4915991,0.39088127,0.43620697,0.4867319,0.47627342,0.48371953,0.49082944
gossp001,Phil Gosselin,0.45707303,0.4517817,0.48155347,0.43611312,0.43193015,0.581167,0.5358803,0.56858015,0.44838834
granc001,Curtis Granderson,0.45277384,0.5642736,0.6257537,0.6377314,0.6063437,0.64380074,0.39733046,0.5361128,0.5766674
grany001,Yasmani Grandal,0.46233132,0.5377177,0.5044405,0.61873597,0.5456207,0.47418138,0.46191192,0.5896802,0.46938932
greeg002,Grant Green,0.53200126,0.4285537,0.5853646,0.45113918,0.37055933,0.5532399,0.5449661,0.43935424,0.50210893
gregd001,Didi Gregorius,0.5135437,0.50712436,0.43901348,0.4778215,0.5170682,0.55208933,0.398067,0.48761964,0.5453721
gricr001,Randal Grichuk,0.5860001,0.51305926,0.58424854,0.5263688,0.44872633,0.3970697,0.57822233,0.35515973,0.42401096
grosr001,Robbie Grossman,0.47442442,0.54463255,0.4916172,0.5999135,0.48116067,0.56198955,0.48907137,0.53448725,0.54236776
gutif001,Franklin Gutierrez,0.5366066,0.5211879,0.6264658,0.5081697,0.5082816,0.3629345,0.61485314,0.402551,0.38103753
guyeb001,Brandon Guyer,0.48579174,0.6034298,0.43949717,0.4554068,0.36279637,0.46177477,0.5230855,0.38142362,0.48485896
guzmj005,Jesus Guzman,0.5823483,0.5976391,0.5721358,0.5332003,0.44255093,0.3698855,0.56930906,0.4699722,0.52836525
gyorj001,Jedd Gyorko,0.56776536,0.5457042,0.6274978,0.49837157,0.48896304,0.44916272,0.6014021,0.47179967,0.54697657
hamib001,Billy Hamilton,0.4853955,0.49168533,0.3835085,0.49085295,0.3364185,0.48882988,0.36376178,0.40992063,0.58806354
hamij003,Josh Hamilton,0.556681,0.4509008,0.4971421,0.6079486,0.6645704,0.55327064,0.42673486,0.48996583,0.5008016
hanir001,Ryan Hanigan,0.50690544,0.6191455,0.5191817,0.44156957,0.4561084,0.5229802,0.53847337,0.58579874,0.54826444
hardj003,J.J. Hardy,0.5751735,0.5025542,0.50345606,0.40043312,0.48929027,0.4356255,0.54755455,0.517776,0.54077184
harpb003,Bryce Harper,0.43684307,0.5102303,0.49369282,0.62283695,0.6874776,0.5101178,0.49442008,0.5469352,0.41486862
harrj002,Josh Harrison,0.47158545,0.46730062,0.52929246,0.38235372,0.44201922,0.47938058,0.597282,0.35556462,0.5684136
headc001,Chase Headley,0.4896625,0.50294054,0.5139141,0.57939833,0.5605628,0.55157167,0.47258875,0.5333262,0.54238665
hecha001,Adeiny Hechavarria,0.46708176,0.43581194,0.44534588,0.3790812,0.3168702,0.62497455,0.5484837,0.5878078,0.49527535
heisc001,Chris Heisey,0.4527361,0.49987406,0.53829074,0.51578987,0.39174622,0.35121763,0.4767495,0.37968057,0.5600548
heltt001,Todd Helton,0.50101393,0.50938076,0.535359,0.5771719,0.6701209,0.48972392,0.46551946,0.52599853,0.584145
hernc005,Cesar Hernandez,0.45693612,0.45416817,0.3641513,0.548732,0.42494932,0.43835953,0.51771617,0.50380576,0.5269931
herne001,Enrique Hernandez,0.47990817,0.50485146,0.5301999,0.44898126,0.47222736,0.5082874,0.5484565,0.48968154,0.4772031
herrc001,Chris Herrmann,0.519441,0.44418022,0.42951214,0.6245688,0.517084,0.48935905,0.3656464,0.52801454,0.5014904
herre001,Elian Herrera,0.5331857,0.4015381,0.4770559,0.54017234,0.5247277,0.53138876,0.43845838,0.436777,0.57796407
herrj002,Jonathan Herrera,0.5492001,0.43217385,0.37128562,0.42482325,0.4334161,0.53990376,0.42976034,0.45462897,0.5484904
herro001,Odubel Herrera,0.47534233,0.4090582,0.44486713,0.5507031,0.48449865,0.51414657,0.473071,0.42909867,0.51594317
heywj001,Jason Heyward,0.38537353,0.4529199,0.43831095,0.51894885,0.5356063,0.46714753,0.41188028,0.5516227,0.4792172
hicka001,Aaron Hicks,0.45454156,0.5236191,0.49928674,0.55306184,0.46069303,0.5109587,0.43095207,0.52828807,0.53016126
hilla001,Aaron Hill,0.58611315,0.64226115,0.527144,0.44881487,0.48099595,0.439231,0.56170106,0.44500628,0.60521054
hoesl001,L.J. Hoes,0.4537885,0.42612132,0.5095576,0.45352727,0.38003415,0.6174077,0.5552331,0.6400797,0.44415474
holab001,Bryan Holaday,0.5401747,0.4816622,0.44276258,0.41684997,0.39157483,0.4285128,0.5144648,0.42067587,0.5562479
hollm001,Matt Holliday,0.44082093,0.597366,0.5338593,0.45479867,0.54185426,0.57595664,0.5404287,0.53153175,0.41290998
holtb002,Brock Holt,0.43295425,0.44077143,0.3036388,0.5874139,0.45757365,0.53941935,0.48392397,0.50595725,0.60853744
hosme001,Eric Hosmer,0.44061607,0.40913808,0.39897102,0.5257128,0.6105025,0.40884125,0.506414,0.56337476,0.51542366
howar001,Ryan Howard,0.5212996,0.46305293,0.5937894,0.64122117,0.6422899,0.5615152,0.38287082,0.51729727,0.52076364
hundn001,Nick Hundley,0.54820716,0.50445855,0.54210657,0.4624079,0.46062806,0.50973326,0.5805864,0.41470826,0.46953166
huntt001,Torii Hunter,0.5379427,0.47885802,0.517196,0.38309905,0.509083,0.5228432,0.57482934,0.49971083,0.42296964
iannc001,Chris Iannetta,0.51196456,0.65506554,0.5770281,0.5965015,0.48759454,0.50892204,0.59388983,0.5211756,0.52589196
ibanr001,Raul Ibanez,0.4374528,0.44451055,0.6055207,0.5798215,0.5548908,0.5347599,0.33754063,0.6100094,0.4670421
iglej001,Jose Iglesias,0.40517074,0.41527927,0.3856181,0.36531058,0.34641016,0.4601143,0.48493326,0.5097776,0.4654104
incie001,Ender Inciarte,0.42495385,0.3983758,0.29744315,0.44599742,0.504605,0.45923477,0.4582403,0.4494081,0.6155914
infao001,Omar Infante,0.5727808,0.53998923,0.453197,0.36212263,0.40463898,0.42577457,0.571731,0.405179,0.6838229
iztum001,Maicer Izturis,0.47178727,0.49076116,0.3681959,0.3831538,0.48460796,0.5276028,0.47139367,0.56581825,0.5850924
jacka001,Austin Jackson,0.5886382,0.54558474,0.50649315,0.4727296,0.44845462,0.63555986,0.6500586,0.5589915,0.47557002
jankt001,Travis Jankowski,0.511641,0.44431177,0.45317465,0.51045954,0.47543648,0.44346294,0.4489689,0.46346247,0.48311517
jasoj001,John Jaso,0.42591268,0.54175985,0.4950307,0.5538794,0.5847888,0.56520396,0.43363172,0.53650904,0.5333491
jay-j001,Jon Jay,0.51775366,0.4620118,0.2601971,0.55513144,0.5657985,0.4691581,0.45718384,0.43057448,0.48766342
jennd002,Desmond Jennings,0.5062584,0.58491373,0.46714374,0.4801384,0.39665264,0.4202095,0.52840155,0.5181033,0.439237
jeted001,Derek Jeter,0.42833245,0.43492323,0.41416174,0.3784036,0.34413946,0.578344,0.52720344,0.65466017,0.464693
johnc003,Chris Johnson,0.6241597,0.39454645,0.5409808,0.46152404,0.5121246,0.61373603,0.6579101,0.52579665,0.5134134
johnk003,Kelly Johnson,0.4834311,0.45837212,0.51837486,0.5933581,0.56392795,0.5854098,0.39448467,0.5494325,0.5021984
johnr008,Reed Johnson,0.5499331,0.4574474,0.48986417,0.43622655,0.41813368,0.50891,0.4793756,0.38002476,0.51243323
jonea003,Adam Jones,0.4824229,0.41106313,0.5558908,0.37183237,0.4851132,0.3963403,0.48055738,0.4036738,0.3674191
joneg002,Garrett Jones,0.45372912,0.46720788,0.5867355,0.57187235,0.5710374,0.5665143,0.37303331,0.49660227,0.5672785
jonej005,James Jones,0.52931786,0.3726347,0.3144269,0.49983054,0.38085687,0.44083375,0.46901062,0.47651225,0.5055185
josec002,Caleb Joseph,0.53693324,0.55716443,0.6003556,0.47661084,0.49076515,0.47693476,0.5333357,0.456119,0.51869357
joycm001,Matthew Joyce,0.48031723,0.5702276,0.5733604,0.57348824,0.53397226,0.5758631,0.34970075,0.6003306,0.50966907
kangj001,Jung Ho Kang,0.5192195,0.50827974,0.51124084,0.4599417,0.48577917,0.40447292,0.60138476,0.4394871,0.41003028
kawam001,Munenori Kawasaki,0.41870266,0.48435327,0.2543128,0.5396394,0.35066658,0.43219483,0.45430332,0.5692674,0.5089283
kelld001,Don Kelly,0.485304,0.5403843,0.4500242,0.47069892,0.5604816,0.49600103,0.45017862,0.60084194,0.58147764
kempm001,Matt Kemp,0.5844388,0.55304295,0.6155111,0.4967108,0.5139495,0.46862105,0.72513545,0.44645447,0.49929196
kendh001,Howie Kendrick,0.43268722,0.39914674,0.49648052,0.39215642,0.44088054,0.6411686,0.6191132,0.5911188,0.39193022
keplm001,Max Kepler,0.49031425,0.4738529,0.49550945,0.5060037,0.5079254,0.5138407,0.47963876,0.5089823,0.4900737
keppj001,Jeff Keppinger,0.5499222,0.57224977,0.4353813,0.30693677,0.4536533,0.52785105,0.53097254,0.5156976,0.5776729
kierk001,Kevin Kiermaier,0.38763273,0.3721045,0.42584118,0.5124955,0.4873566,0.48982444,0.34450853,0.49550542,0.4639858
kinsi001,Ian Kinsler,0.49579793,0.6055206,0.50215834,0.3733377,0.51633424,0.44885904,0.55262333,0.42346582,0.5956709
kipnj001,Jason Kipnis,0.4568393,0.4884408,0.39026707,0.6199112,0.5974535,0.530619,0.4830284,0.51521885,0.5668396
konep001,Paul Konerko,0.55358046,0.58388245,0.5708445,0.454325,0.51090354,0.5056048,0.58338493,0.5121085,0.6054458
kozmp001,Pete Kozma,0.53314924,0.52998435,0.50805646,0.47087884,0.38847905,0.5583219,0.49575397,0.47912067,0.5581922
krate001,Erik Kratz,0.56332445,0.5403801,0.587384,0.42743897,0.48298264,0.4304481,0.54067415,0.44369298,0.51108503
kraum001,Marc Krauss,0.50613546,0.5263633,0.6107657,0.6178565,0.5427505,0.61197937,0.38759074,0.52165705,0.54040056
kubej002,Jason Kubel,0.5308091,0.4935066,0.46837106,0.6712419,0.5738469,0.5664859,0.42925248,0.48149765,0.5110726
lagaj001,Juan Lagares,0.49064523,0.43396023,0.47931412,0.4326463,0.35483688,0.5861332,0.48466226,0.46589047,0.46491614
lakej001,Junior Lake,0.55596024,0.45991403,0.57443106,0.50972635,0.38344282,0.46283257,0.5304191,0.381107,0.4499901
lambj001,Jake Lamb,0.4803241,0.4320337,0.43772605,0.6286635,0.5619469,0.5162515,0.46453264,0.51746124,0.541978
laroa001,Adam LaRoche,0.5777742,0.58085114,0.53191155,0.6242192,0.65831214,0.59653306,0.40445,0.57305425,0.5343594
lastt001,Tommy La Stella,0.45452514,0.5356254,0.33671921,0.52023566,0.613844,0.5004973,0.42482612,0.54488504,0.63505495
lawrb002,Brett Lawrie,0.43355787,0.48490238,0.5355151,0.4491848,0.42543435,0.5037557,0.46609285,0.46928883,0.44427267
lemad001,DJ LeMahieu,0.49839395,0.39285427,0.48393497,0.40536904,0.4293074,0.7081007,0.578799,0.6741724,0.42680687
leons001,Sandy Leon,0.5091455,0.4229809,0.4347856,0.55725795,0.46210322,0.5539998,0.42031944,0.53267837,0.516409
linda001,Adam Lind,0.46362698,0.48743665,0.44585577,0.5567932,0.6547116,0.50112975,0.50380635,0.49871415,0.495522
lindf001,Francisco Lindor,0.45922384,0.48383272,0.4375112,0.4638225,0.5407163,0.44693902,0.47471678,0.48575437,0.4793009
lobaj001,Jose Lobaton,0.49364626,0.5168049,0.4803712,0.5389416,0.47449848,0.5488845,0.5079521,0.51397514,0.49875125
lombs002,Steve Lombardozzi,0.4846068,0.41915995,0.36794317,0.41824687,0.4510625,0.50973046,0.39003968,0.47132754,0.59547323
lonej001,James Loney,0.46274847,0.47340202,0.41277027,0.49208835,0.6605102,0.54284585,0.55328643,0.5420965,0.6825414
longe001,Evan Longoria,0.55600023,0.5868014,0.6107053,0.47634643,0.56459343,0.5045724,0.61655116,0.43659782,0.49955136
lougd001,David Lough,0.47449756,0.42877573,0.43069264,0.48134884,0.48259693,0.54465246,0.38378876,0.47247323,0.5289929
lowrj001,Jed Lowrie,0.49146593,0.5882187,0.54201895,0.4749337,0.59589595,0.6123055,0.48672053,0.4880654,0.61151934
lucae001,Ed Lucas,0.45966792,0.3620335,0.48158932,0.488826,0.42087126,0.6232752,0.5701526,0.59039646,0.53169614
lucrj001,Jonathan Lucroy,0.4375461,0.56070215,0.55318505,0.4095226,0.5143142,0.5398021,0.57378185,0.540206,0.5454551
ludwr001,Ryan Ludwick,0.54290986,0.5354459,0.5734325,0.5156416,0.47188893,0.4706444,0.60204494,0.41963205,0.5617861
machm001,Manny Machado,0.4581221,0.5002937,0.5312492,0.4128811,0.4874133,0.42061806,0.52934337,0.50555664,0.43998554
maldm001,Martin Maldonado,0.5820991,0.52964514,0.5523209,0.48872602,0.41678238,0.46082768,0.47068202,0.50632465,0.440706
marij002,Jake Marisnick,0.54285526,0.4377527,0.55563194,0.48070896,0.3979537,0.4562167,0.49069864,0.4070666,0.49125487
markn001,Nick Markakis,0.511079,0.5078095,0.36238402,0.49056146,0.6303011,0.45568058,0.54239064,0.59743035,0.6113186
martj006,J.D. Martinez,0.5369888,0.5031933,0.60332316,0.51187575,0.55231416,0.48001862,0.65709865,0.3704039,0.47796026
martj007,Jefry Marte,0.52757454,0.53526133,0.56688005,0.46713644,0.42469713,0.45355156,0.6026996,0.48397988,0.43798813
martk001,Ketel Marte,0.4457464,0.49457473,0.39122233,0.53097624,0.47114813,0.4703536,0.48974735,0.5319421,0.52435946
martl004,Leonys Martin,0.43220535,0.39847416,0.40490425,0.50960517,0.41438118,0.53114676,0.38949713,0.5198149,0.4849933
martr004,Russell Martin,0.46846214,0.5974668,0.533143,0.47963896,0.45116478,0.43350616,0.5494582,0.5148761,0.34521294
marts002,Starling Marte,0.44091654,0.49439633,0.4349761,0.45532808,0.34473717,0.42419067,0.50626034,0.28645545,0.29817063
martv001,Victor Martinez,0.463142,0.56130415,0.512042,0.38807538,0.7627915,0.51167625,0.50793886,0.5129041,0.57103676
mathj001,Jeff Mathis,0.5935039,0.52466893,0.549629,0.53550416,0.42548853,0.49170148,0.51257783,0.4853041,0.4848645
mauej001,Joe Mauer,0.5298794,0.45989475,0.23958147,0.6138939,0.69667476,0.3393279,0.54956865,0.5417655,0.4649598
maxwj002,Justin Maxwell,0.4783305,0.52186286,0.56466573,0.56175834,0.38595885,0.4837621,0.5625019,0.4662278,0.4487173
maybc001,Cameron Maybin,0.43824515,0.44444534,0.5002861,0.4518979,0.3750062,0.52802765,0.6106965,0.632634,0.44933787
maybj001,John Mayberry,0.543518,0.57056695,0.5305788,0.5148524,0.39855912,0.36157107,0.49868262,0.42141527,0.4738111
mccab002,Brian McCann,0.4698308,0.53508455,0.61763453,0.4946371,0.63586,0.52999413,0.37410414,0.5323334,0.5453396
mccaj001,James McCann,0.5447749,0.40253973,0.49136007,0.4190061,0.4185713,0.50809145,0.5511829,0.5279015,0.49757907
mccua001,Andrew McCutchen,0.4669245,0.6729148,0.56217396,0.50343126,0.5457765,0.46733087,0.65174115,0.3991157,0.46552312
mcgec001,Casey McGehee,0.45144004,0.52021766,0.48331758,0.45044923,0.4187162,0.6385113,0.64519054,0.6622964,0.52768123
mckem001,Michael McKenry,0.5620719,0.5790016,0.5342825,0.5395711,0.5091843,0.45159125,0.5640052,0.48684198,0.50133526
mclon001,Nate McLouth,0.45153403,0.5039596,0.4585544,0.56736857,0.56362426,0.5916033,0.37474805,0.5497422,0.56850356
medit001,Tommy Medica,0.50508475,0.47586167,0.563183,0.5457126,0.46664238,0.5065741,0.51782453,0.44949028,0.42865452
mercj002,Jordy Mercer,0.56744486,0.5249082,0.48227784,0.37834525,0.46747133,0.4641676,0.5004507,0.43575493,0.4137039
mesod001,Devin Mesoraco,0.62859595,0.6392478,0.5585154,0.48125088,0.5345836,0.32730582,0.5768873,0.41900918,0.44694144
middw001,Will Middlebrooks,0.59027284,0.4978418,0.61242485,0.4722923,0.45852765,0.55547553,0.5393316,0.48850256,0.5182682
millb002,Brad Miller,0.42714167,0.4809146,0.45887613,0.55921715,0.49024472,0.49185738,0.41966766,0.50443983,0.5311744
molij001,Jose Molina,0.5294694,0.441876,0.47193438,0.46052814,0.36069703,0.57984096,0.5825725,0.610041,0.5453086
moliy001,Yadier Molina,0.4526383,0.50666463,0.53672445,0.36189556,0.5304212,0.5479784,0.59483963,0.52227926,0.58494604
montm001,Miguel Montero,0.54242086,0.4940451,0.423587,0.61207557,0.6496634,0.5186134,0.4272547,0.556849,0.4745351
moort002,Tyler Moore,0.6152082,0.5107735,0.596166,0.48848718,0.48561588,0.46149287,0.57495,0.41059232,0.49714488
morak001,Kendrys Morales,0.47901407,0.5033056,0.5106519,0.46670693,0.5951416,0.4652028,0.47223762,0.5305921,0.4646058
morem001,Mitch Moreland,0.52103114,0.4233955,0.51612616,0.57762253,0.662397,0.4515484,0.43697175,0.55295116,0.511394
mornj001,Justin Morneau,0.46552894,0.4887045,0.44016552,0.48258692,0.62331855,0.47564533,0.4548513,0.4585193,0.53739524
morrl001,Logan Morrison,0.46469983,0.48430866,0.5084421,0.52154434,0.6006409,0.47934827,0.38943687,0.572102,0.523538
morsm001,Michael Morse,0.49445355,0.47473878,0.60233146,0.4982774,0.47003344,0.5955287,0.62299436,0.5772709,0.38131034
mossb001,Brandon Moss,0.5123691,0.53717244,0.63063,0.6128272,0.61180985,0.57754284,0.38333338,0.5003191,0.4807772
mousm001,Mike Moustakas,0.43899807,0.4880695,0.56109244,0.4730755,0.58895874,0.52791405,0.37404078,0.54757196,0.5623725
murpd005,David Murphy,0.49093112,0.5027492,0.4054969,0.47007063,0.61120754,0.46441224,0.34812185,0.54530746,0.5166793
murpd006,Daniel Murphy,0.47748795,0.45508972,0.4697432,0.44999054,0.6478428,0.50799465,0.47475278,0.4741352,0.64345187
murpj001,John Ryan Murphy,0.5419627,0.5285367,0.56263626,0.4847269,0.43718082,0.5044189,0.5668774,0.43269435,0.495387
myerw001,Wil Myers,0.54668176,0.561906,0.56508565,0.527462,0.47655594,0.39389995,0.5882887,0.49927193,0.48025736
napom001,Mike Napoli,0.4991601,0.6093427,0.5514826,0.6067089,0.48977932,0.4758133,0.603745,0.51509434,0.40467036
navad001,Dioner Navarro,0.4848224,0.48309287,0.53452885,0.454843,0.6445675,0.5250426,0.49586996,0.55942804,0.5925641
navad002,Daniel Nava,0.5367589,0.5785078,0.42748666,0.5774673,0.59803116,0.575825,0.5245867,0.44279623,0.59059286
nieuk001,Kirk Nieuwenhuis,0.47259802,0.45106736,0.5329376,0.6727925,0.5466403,0.55123496,0.38839874,0.4791214,0.48491403
nievw001,Wil Nieves,0.530953,0.39515606,0.42173165,0.4446245,0.3803066,0.5062413,0.54672885,0.49674097,0.5260762
nix-j001,Jayson Nix,0.5810461,0.49388766,0.46420878,0.5199068,0.3922763,0.49015442,0.56465733,0.44612914,0.5024004
norrd001,Derek Norris,0.48644188,0.57502776,0.5158694,0.5374467,0.4571847,0.4202805,0.5515374,0.44193497,0.49165732
nunee002,Eduardo Nunez,0.46540773,0.4695403,0.44817305,0.3950051,0.38519084,0.43578935,0.45925865,0.48565927,0.5123459
odorr001,Rougned Odor,0.4141185,0.3867258,0.4684387,0.4494412,0.4728484,0.5059008,0.31769812,0.4751676,0.46906614
olt-m001,Mike Olt,0.5869627,0.54260474,0.6082088,0.62543595,0.46390265,0.4603605,0.5360312,0.5180492,0.4026318
orlap001,Paulo Orlando,0.5088048,0.3987204,0.54001343,0.40441477,0.38978645,0.47847348,0.48502177,0.46497795,0.4873254
ortid001,David Ortiz,0.455398,0.57465196,0.5507668,0.48929513,0.7484162,0.4834522,0.38690004,0.5081977,0.40969673
overl001,Lyle Overbay,0.528342,0.47940555,0.442425,0.6092204,0.6194729,0.5413689,0.4401392,0.5606263,0.5422223
owinc001,Chris Owings,0.5265344,0.4448729,0.5301431,0.4503252,0.35548788,0.55242836,0.5508959,0.46167856,0.5390845
ozunm001,Marcell Ozuna,0.5059757,0.47096258,0.55169106,0.48201787,0.42088723,0.5115002,0.59293944,0.47463956,0.48382512
pachj001,Jordan Pacheco,0.5462483,0.4836905,0.48903984,0.3909671,0.39565617,0.5206112,0.58877295,0.55276483,0.54587907
pagaa001,Angel Pagan,0.5368362,0.4800425,0.3700325,0.48887882,0.50787103,0.5180854,0.5052235,0.5122401,0.66671085
panij002,Joe Panik,0.43890107,0.4974627,0.35824317,0.46410918,0.5458279,0.51409155,0.47558725,0.5123008,0.5938802
parej002,Jimmy Paredes,0.48791364,0.30120295,0.44261914,0.61429673,0.5287191,0.56395465,0.4299237,0.5055364,0.5054319
parmc001,Chris Parmelee,0.51762414,0.50811243,0.52058303,0.5901989,0.5632089,0.5516039,0.450423,0.49699727,0.58088064
parrg001,Gerardo Parra,0.43381733,0.40867633,0.36080882,0.51015097,0.5502684,0.4732761,0.38434774,0.44491515,0.48503956
paulb001,Ben Paulsen,0.4619583,0.39368156,0.4881979,0.57152635,0.5532659,0.52222985,0.4337169,0.50671446,0.41213277
pears001,Steve Pearce,0.50061494,0.6175914,0.5978297,0.5140378,0.5436139,0.32678536,0.5359477,0.39898655,0.5163271
pedej001,Joc Pederson,0.44806203,0.55096555,0.5860806,0.7127108,0.5748816,0.58382666,0.41760385,0.565653,0.45008454
pedrd001,Dustin Pedroia,0.437563,0.57379586,0.5005734,0.40185636,0.47071806,0.47106093,0.5684009,0.56566066,0.5524205
penab002,Brayan Pena,0.4856251,0.46645588,0.41337985,0.3894441,0.5460173,0.55514723,0.44293994,0.57282865,0.60532933
penac001,Carlos Pena,0.41639605,0.46223754,0.47908387,0.66906536,0.52431995,0.5433045,0.38642675,0.5676174,0.5050817
penar002,Ramiro Pena,0.4572039,0.45842218,0.49860638,0.5492808,0.53030413,0.5524146,0.45545918,0.48310006,0.537653
pench001,Hunter Pence,0.4859444,0.49795523,0.5382641,0.42300552,0.4879338,0.46902213,0.49008092,0.54267067,0.353342
pennc001,Cliff Pennington,0.5003828,0.5000715,0.46814406,0.55050576,0.5236961,0.5239323,0.4672004,0.57703984,0.602972
perad001,David Peralta,0.453982,0.410794,0.40786412,0.54379994,0.61529005,0.54697055,0.40236205,0.493723,0.4272891
peraj001,Jhonny Peralta,0.5345959,0.5759896,0.59063655,0.46417683,0.5582235,0.49903286,0.68809754,0.48082048,0.5187446
perec003,Carlos Perez,0.5045371,0.5557472,0.4722152,0.42021817,0.4452874,0.45295438,0.52161455,0.4598506,0.52337617
pereh001,Hernan Perez,0.55732036,0.42662466,0.5263545,0.43489423,0.39118946,0.54650426,0.5508571,0.44176286,0.57499385
perer003,Roberto Perez,0.50355667,0.5549324,0.4933608,0.5899299,0.438558,0.48826516,0.5879593,0.5506589,0.41757524
peres002,Salvador Perez,0.5726147,0.4225859,0.55256593,0.33941904,0.5932165,0.37809128,0.5583886,0.484499,0.54678494
petej002,Jace Peterson,0.503851,0.4854929,0.43957433,0.56532604,0.5027601,0.52967584,0.4043795,0.55402184,0.54132986
petig001,Gregorio Petit,0.5312399,0.4496168,0.5037654,0.49282378,0.44054535,0.45345727,0.5814189,0.42974854,0.50367945
phamt001,Tommy Pham,0.47472638,0.49677792,0.507279,0.5394036,0.47865635,0.513312,0.5130072,0.5396991,0.43354905
phegj001,Josh Phegley,0.55546784,0.5077686,0.54980606,0.44049093,0.48552367,0.40513188,0.5057926,0.4242504,0.53620595
philb001,Brandon Phillips,0.5313686,0.49962348,0.4731048,0.38828903,0.5203076,0.55749726,0.5392687,0.5041334,0.5272264
piera001,A.J. Pierzynski,0.4510361,0.38491544,0.45101044,0.43139648,0.6049227,0.51082957,0.40185907,0.4676562,0.5752189
pillk001,Kevin Pillar,0.48930722,0.48027694,0.50007725,0.41284,0.46321592,0.4097666,0.53066546,0.45751643,0.53976274
piscs001,Stephen Piscotty,0.45180646,0.46119803,0.57197815,0.44653055,0.4083954,0.5742748,0.5929173,0.47278857,0.4493933
plawk001,Kevin Plawecki,0.55133253,0.5138843,0.529885,0.4699134,0.43800607,0.50778687,0.5343125,0.44269693,0.4550195
plout001,Trevor Plouffe,0.5379759,0.58181065,0.55201685,0.44997874,0.49826697,0.51545006,0.54540783,0.48666006,0.46587124
polag001,Gregory Polanco,0.485602,0.45118165,0.43660608,0.5376394,0.5095551,0.5041456,0.40413195,0.5353374,0.52920085
polap001,Placido Polanco,0.445373,0.5177483,0.43774468,0.3069754,0.37744457,0.60034174,0.58076465,0.5215691,0.5997482
polla001,A.J. Pollock,0.47444043,0.55198276,0.507736,0.39225355,0.44334394,0.4772152,0.57909936,0.5008296,0.42358568
poseb001,Buster Posey,0.52802473,0.5992824,0.54931694,0.35999495,0.6406592,0.5458933,0.63791686,0.5562511,0.48822793
pradm001,Martin Prado,0.4419959,0.4986016,0.5087718,0.37151098,0.53208673,0.5412206,0.57434165,0.55441177,0.552313
presa001,Alex Presley,0.5153006,0.4007901,0.3693304,0.50269264,0.5144209,0.5214144,0.5001687,0.5580231,0.58292747
profj001,Jurickson Profar,0.46004334,0.47768864,0.49100655,0.5323032,0.5212492,0.621129,0.433583,0.52419275,0.5340305
puigy001,Yasiel Puig,0.38442293,0.5108328,0.5189032,0.50653577,0.41970742,0.41209263,0.5544244,0.4107824,0.40991384
pujoa001,Albert Pujols,0.5289309,0.6119944,0.6063374,0.34451923,0.61581606,0.3900529,0.5225482,0.49836773,0.46920794
puntn001,Nick Punto,0.51159537,0.5210878,0.4338227,0.5753597,0.46162394,0.55127084,0.45664194,0.53909147,0.5513524
quenc001,Carlos Quentin,0.53260773,0.6626392,0.5548768,0.50306606,0.469269,0.3452406,0.5553358,0.41604024,0.47195333
quino001,Omar Quintanilla,0.4685225,0.45139676,0.41718882,0.5573375,0.51967233,0.5079527,0.4140093,0.57838625,0.5347085
rabur001,Ryan Raburn,0.5224331,0.5797246,0.54935193,0.5229685,0.5193639,0.43148687,0.57101476,0.4728347,0.4334141
ramia001,Aramis Ramirez,0.55719745,0.5954004,0.576314,0.40682828,0.55714273,0.4965997,0.57240504,0.44332907,0.54268825
ramia003,Alexei Ramirez,0.47703657,0.49418652,0.42891306,0.33730125,0.42986414,0.3757437,0.46311063,0.45771605,0.52471066
ramih003,Hanley Ramirez,0.47895917,0.5201924,0.5310851,0.43350032,0.54747206,0.44384503,0.553601,0.53924,0.40067455
ramij003,Jose Ramirez,0.46003032,0.5264287,0.4102742,0.4565613,0.46277198,0.46611637,0.4210925,0.48881242,0.61531734
ramow001,Wilson Ramos,0.46965405,0.37903866,0.59701943,0.37314633,0.4656165,0.5184962,0.61909413,0.6646312,0.38697338
rasmc001,Colby Rasmus,0.48409718,0.4903498,0.6428767,0.6452582,0.61718327,0.61119807,0.38994288,0.50479734,0.48933047
realj001,J.T. Realmuto,0.5410099,0.5177046,0.54862785,0.3847169,0.43141952,0.47205937,0.5080597,0.44610414,0.53778905
recka001,Anthony Recker,0.58078355,0.5297419,0.6278883,0.61340743,0.48459858,0.463984,0.51417506,0.40912405,0.5228396
reddj001,Josh Reddick,0.4776833,0.517534,0.5356286,0.51246345,0.60666186,0.45437348,0.4252465,0.5542938,0.58397436
reimn001,Nolan Reimold,0.52499837,0.4851085,0.53097093,0.55611676,0.4381686,0.42402387,0.5539719,0.5073725,0.4244849
renda001,Anthony Rendon,0.5553705,0.62601745,0.53739285,0.48135173,0.50331426,0.5389563,0.5753039,0.47998908,0.56716275
reveb001,Ben Revere,0.44759518,0.36664355,0.21662796,0.3917851,0.42893612,0.48703364,0.448183,0.51087534,0.5490352
reyej001,Jose Reyes,0.4446836,0.45472413,0.4639836,0.39727208,0.5285483,0.51284397,0.45661187,0.5753007,0.5597256
reynm001,Mark Reynolds,0.517717,0.5599905,0.5899878,0.58554775,0.46710497,0.40226775,0.51702607,0.47316322,0.4716799
riosa002,Alex Rios,0.57443917,0.5518007,0.49575886,0.39769593,0.48674244,0.5379722,0.57624096,0.45865458,0.5175256
river003,Rene Rivera,0.59839916,0.52435,0.57991534,0.48136592,0.45123065,0.46758604,0.54491735,0.4410647,0.533274
rizza001,Anthony Rizzo,0.42801395,0.548614,0.5363133,0.5558422,0.6307566,0.5129552,0.3711009,0.4851703,0.44741035
robeb003,Brian Roberts,0.5129499,0.56080675,0.5292545,0.47489363,0.5789647,0.57249075,0.41813636,0.49919826,0.5802926
robic001,Clint Robinson,0.42644152,0.5278388,0.44187498,0.51492715,0.61037594,0.5562205,0.449117,0.5669625,0.5255592
robis001,Shane Robinson,0.47123486,0.52640444,0.3821791,0.41535008,0.40943408,0.5152266,0.50775564,0.6030951,0.5303334
rodra001,Alex Rodriguez,0.5664128,0.63191915,0.5899689,0.5314375,0.57123536,0.4398718,0.6467324,0.56090707,0.4061968
rodrs002,Sean Rodriguez,0.55342615,0.4977896,0.5444267,0.4881541,0.42556188,0.41182852,0.49093238,0.39882782,0.47126225
rojam002,Miguel Rojas,0.46626645,0.4261151,0.3825497,0.38869753,0.386231,0.5035244,0.49054343,0.60813916,0.44673222
rollj001,Jimmy Rollins,0.44183475,0.52798116,0.6023994,0.5085559,0.5176851,0.5979712,0.3952248,0.60042393,0.62797743
romia001,Andrew Romine,0.5195041,0.41387436,0.36428016,0.5312585,0.43098292,0.470755,0.4873672,0.529201,0.5477507
romia002,Austin Romine,0.5265399,0.48835766,0.4907635,0.5019383,0.42742765,0.53300637,0.52094114,0.5246072,0.4649285
rosaa001,Adam Rosales,0.5294633,0.5395488,0.51645005,0.48576438,0.4114003,0.40596813,0.5954533,0.41356978,0.50560915
rosae001,Eddie Rosario,0.516072,0.3313919,0.4664861,0.49566495,0.49300647,0.55883294,0.3807455,0.3831279,0.5126304
rosaw001,Wilin Rosario,0.6122111,0.47072917,0.5455846,0.39150387,0.53046155,0.4894492,0.5672495,0.48780215,0.37785894
rossc001,Cody Ross,0.5478839,0.53476197,0.4903615,0.43215862,0.46391582,0.5479001,0.58092314,0.51185143,0.55802834
rossd001,David Ross,0.57283676,0.5844637,0.62258184,0.57373655,0.42892298,0.4244631,0.6029031,0.4732104,0.43632662
rua-r001,Ryan Rua,0.54954666,0.49838012,0.5706349,0.45268974,0.4372152,0.4501983,0.57123095,0.4190079,0.43043727
ruf-d001,Darin Ruf,0.59373045,0.59434783,0.56935966,0.5521774,0.5091669,0.39425844,0.6182759,0.4714977,0.43659696
ruggj001,Justin Ruggiano,0.6155476,0.5682448,0.5889101,0.5129875,0.4805343,0.45682374,0.6126944,0.5081886,0.44526327
ruizc001,Carlos Ruiz,0.52158946,0.6452467,0.52628213,0.4092234,0.4429068,0.53152305,0.5215281,0.48819602,0.54371333
ruppc001,Cameron Rupp,0.49979067,0.48931172,0.54747087,0.5083774,0.43600762,0.57655716,0.5469163,0.5004122,0.47308233
russa002,Addison Russell,0.55961597,0.5446951,0.56065464,0.52984136,0.44220334,0.48046654,0.58726704,0.45077085,0.46732262
rutlj001,Josh Rutledge,0.53587586,0.50708747,0.49368757,0.47790405,0.3732803,0.53540045,0.51437604,0.45552027,0.453138
ryanb002,Brendan Ryan,0.5716296,0.5062678,0.49452987,0.49120334,0.39685762,0.44599316,0.46021724,0.44358382,0.5594307
salat001,Tyler Saladino,0.5674084,0.44222733,0.48289534,0.39827368,0.39132112,0.45850515,0.5172615,0.49350226,0.47393647
saltj001,Jarrod Saltalamacchia,0.55135036,0.5789384,0.56366736,0.64034706,0.5543766,0.58808863,0.4504631,0.47274777,0.48324087
sancc001,Yolmer Sanchez,0.5324979,0.4079491,0.39174214,0.50659555,0.4408469,0.5017353,0.47354156,0.50173485,0.6049737
sancg001,Gaby Sanchez,0.52834976,0.6541717,0.5519098,0.51044965,0.48795062,0.44877303,0.53928447,0.45862874,0.5510891
sanch002,Hector Sanchez,0.58870244,0.46312937,0.52593714,0.55097264,0.53089464,0.59764266,0.393841,0.4648153,0.5454389
sandp001,Pablo Sandoval,0.48089695,0.48072067,0.44745573,0.45589796,0.5896945,0.42564312,0.5092973,0.5050452,0.55799246
sanom001,Miguel Sano,0.4762318,0.61832106,0.637428,0.6698823,0.52310854,0.49149525,0.6397151,0.4989156,0.4033447
santc002,Carlos Santana,0.3898255,0.56866986,0.5869133,0.5548627,0.5300614,0.4863756,0.4094969,0.62292844,0.46981952
santd001,Danny Santana,0.4677344,0.35039625,0.40396744,0.49209982,0.411783,0.5294219,0.41542897,0.4722878,0.4572554
santd002,Domingo Santana,0.47409728,0.49784544,0.61971456,0.63423723,0.4349637,0.5106757,0.5886159,0.52061313,0.40612006
santr002,Ramon Santiago,0.4419371,0.55151695,0.4315091,0.50167423,0.42968035,0.57382846,0.43045107,0.57482994,0.53413105
sardl001,Luis Sardinas,0.5010267,0.4080099,0.3420779,0.49934503,0.44214714,0.4558701,0.5037788,0.5371273,0.5589657
saunm001,Michael Saunders,0.44189188,0.4676325,0.46431535,0.64383703,0.55488205,0.46932337,0.41004285,0.4985474,0.5005679
schaj002,Jordan Schafer,0.40694275,0.4206144,0.33514267,0.6343739,0.38952756,0.45306832,0.39282727,0.5034969,0.49169472
schal001,Logan Schafer,0.4182423,0.45905495,0.45121086,0.54578626,0.40772122,0.56933284,0.3679853,0.5747391,0.5134886
schin001,Nate Schierholtz,0.44562998,0.40865636,0.588884,0.5285356,0.53676057,0.52157056,0.3569463,0.4815327,0.564864
schoj001,Jonathan Schoop,0.53249586,0.38400844,0.5538119,0.42861006,0.44817302,0.36240798,0.5412078,0.43908936,0.4141549
schus001,Skip Schumaker,0.51594055,0.49485812,0.31971043,0.55749446,0.4912681,0.44862896,0.48613682,0.53525406,0.59243166
scutm001,Marco Scutaro,0.41900954,0.59244484,0.41940504,0.33288705,0.45608875,0.53290224,0.6044095,0.5821462,0.59127474
seagc001,Corey Seager,0.47160876,0.44438463,0.43816513,0.5496832,0.56047404,0.5050203,0.42808032,0.52464366,0.50663614
seagk001,Kyle Seager,0.5062516,0.53293455,0.5643856,0.5289233,0.6783129,0.6148552,0.38710707,0.55268633,0.55890614
seguj002,Jean Segura,0.37447795,0.3558489,0.45121694,0.35511747,0.3078586,0.54798615,0.427602,0.5389986,0.41052756
semim001,Marcus Semien,0.54161716,0.54125464,0.5351972,0.5048347,0.46259984,0.48148862,0.55545986,0.43152288,0.5153971
shawt001,Travis Shaw,0.49006313,0.46146268,0.5264243,0.54756355,0.59901935,0.4804205,0.4562977,0.4729544,0.5113784
shucj001,J.B. Shuck,0.4035874,0.4396384,0.3584172,0.44496468,0.4654843,0.5096241,0.3960039,0.5746017,0.5843999
simma001,Andrelton Simmons,0.51075464,0.5534155,0.45700508,0.30528706,0.44845453,0.43881133,0.48298725,0.54905456,0.4832785
singj001,Jon Singleton,0.4622553,0.5425211,0.5778853,0.714815,0.51838684,0.562392,0.42510676,0.5629689,0.43576825
sizeg001,Grady Sizemore,0.49987632,0.48221946,0.45437968,0.5805316,0.62766224,0.56531674,0.43878725,0.5330198,0.60120445
smits002,Seth Smith,0.43626726,0.51265883,0.4912619,0.6105114,0.57899076,0.5434773,0.39741623,0.5001672,0.53403187
smoaj001,Justin Smoak,0.53117037,0.5252931,0.5977853,0.59057677,0.59391856,0.49471307,0.41565597,0.5903567,0.5113616
smolj002,Jake Smolinski,0.516648,0.5911248,0.5537302,0.4828607,0.46575662,0.38913083,0.6071335,0.4680494,0.44441167
snidt001,Travis Snider,0.45602468,0.4262984,0.44121018,0.5995131,0.5130025,0.4370811,0.45925352,0.5601891,0.50974596
sogae001,Eric Sogard,0.4764933,0.5105778,0.39563453,0.45975485,0.49505532,0.5717672,0.40236032,0.55516976,0.6364256
solad001,Donovan Solano,0.5067571,0.4448229,0.4935518,0.38195926,0.36599034,0.60744035,0.53506994,0.55903685,0.4962348
solay001,Yangervis Solarte,0.44821972,0.51980335,0.49067196,0.40948218,0.5616964,0.5229105,0.43690428,0.60230964,0.56953675
solej001,Jorge Soler,0.5100422,0.47876227,0.57425886,0.544676,0.50025505,0.49366394,0.6156666,0.46800026,0.44371223
soria001,Alfonso Soriano,0.5965317,0.5181491,0.64321554,0.46814734,0.52758956,0.44278115,0.5641326,0.41530067,0.46060053
sotog001,Geovany Soto,0.5648848,0.5953491,0.6200924,0.58070236,0.51917946,0.47358,0.60947603,0.46067545,0.46113753
souzs001,Steven Souza,0.51381505,0.558399,0.52887595,0.6111629,0.40346786,0.3714646,0.59477866,0.49186024,0.36391747
spanc001,Cory Spangenberg,0.47073236,0.4390698,0.3729017,0.56822854,0.44628406,0.4427179,0.43396002,0.48105043,0.49802682
spand001,Denard Span,0.41382393,0.48489675,0.35021067,0.44558272,0.49713427,0.5216545,0.40095788,0.5424853,0.5590912
sprig001,George Springer,0.52908736,0.58471847,0.5582913,0.55756915,0.48188242,0.4859136,0.58859843,0.4976479,0.3432185
stanm004,Giancarlo Stanton,0.48746118,0.5917682,0.5564724,0.5762993,0.5729873,0.41997495,0.58735925,0.44874826,0.31037858
stewc001,Chris Stewart,0.5357811,0.55130565,0.4343583,0.43823865,0.39146355,0.43681622,0.57769006,0.47783238,0.57642734
stubd001,Drew Stubbs,0.49555945,0.4818723,0.54597694,0.569041,0.3666148,0.42967978,0.5856099,0.4448152,0.43181223
suare001,Eugenio Suarez,0.5670881,0.5382956,0.59377843,0.48278856,0.47054312,0.52877736,0.6807496,0.4070574,0.5425248
suzui001,Ichiro Suzuki,0.45182082,0.39893323,0.27374154,0.46527815,0.37387872,0.3976989,0.47189495,0.5508232,0.5757172
suzuk001,Kurt Suzuki,0.5486027,0.6369072,0.46000028,0.34673002,0.448424,0.49979505,0.52088827,0.41573417,0.5509202
sweer001,Ryan Sweeney,0.43299228,0.43540078,0.44915143,0.49587995,0.54605395,0.519667,0.42675126,0.57101357,0.5308911
swihb001,Blake Swihart,0.5103102,0.4248948,0.4367617,0.5411448,0.5103915,0.4869021,0.5138966,0.4916208,0.5267689
swisn001,Nick Swisher,0.51947296,0.5574714,0.53120863,0.5939174,0.54829216,0.55270374,0.46080843,0.5448631,0.539987
szczm001,Matt Szczur,0.4968179,0.5336156,0.54893744,0.41872823,0.4672617,0.48827627,0.5247993,0.49637234,0.5084586
tabaj002,Jose Tabata,0.4652484,0.4478151,0.4715191,0.34375948,0.31783047,0.5615601,0.5687776,0.59869844,0.4219477
taylm002,Michael Taylor,0.5289248,0.46572405,0.60776764,0.5222151,0.39612576,0.4587982,0.64203745,0.4511516,0.41259253
teixm001,Mark Teixeira,0.4506191,0.5544184,0.6348988,0.53792703,0.5874269,0.45773083,0.39364412,0.5793582,0.44693345
tejar001,Ruben Tejada,0.5259985,0.6287809,0.4900563,0.44384867,0.4274664,0.57232946,0.54748785,0.47470766,0.51708454
tholj001,Josh Thole,0.5200348,0.4754807,0.3666132,0.56821364,0.51247567,0.4130232,0.51362145,0.55356425,0.63558245
thomt002,Trayce Thompson,0.5080895,0.5470704,0.5508864,0.48016247,0.48364502,0.44236296,0.5702844,0.47991532,0.47355992
tomay001,Yasmany Tomas,0.5336577,0.3907247,0.51032156,0.46983916,0.42598906,0.5519335,0.5166449,0.49839464,0.43793064
travd001,Devon Travis,0.46566442,0.48625362,0.54083747,0.43715855,0.49049917,0.57975125,0.5417749,0.59221065,0.4012669
troum001,Mike Trout,0.34648255,0.6241649,0.6078834,0.5326005,0.49297902,0.53992593,0.620707,0.3723551,0.35305947
trumm001,Mark Trumbo,0.5279081,0.45201916,0.63749534,0.49424633,0.53065735,0.46977374,0.50464106,0.58025044,0.43041968
tuckp001,Preston Tucker,0.46418327,0.45555326,0.5190761,0.5345797,0.5392291,0.4719508,0.39724597,0.5252606,0.47353503
tulot001,Troy Tulowitzki,0.54414845,0.60815763,0.49712873,0.47205448,0.60032755,0.41965532,0.5918249,0.42704555,0.39831066
turnj001,Justin Turner,0.49963364,0.55527455,0.49701756,0.440027,0.55427897,0.554124,0.60116327,0.45198438,0.44126874
turnt001,Trea Turner,0.506981,0.4969624,0.5162269,0.50980157,0.46292436,0.51460415,0.5541106,0.5220159,0.4794059
uggld001,Dan Uggla,0.6491767,0.68453985,0.6143789,0.6171262,0.4197841,0.36818895,0.53445756,0.47702006,0.5086452
uptob001,Melvin Upton,0.5573905,0.5535489,0.567513,0.57544255,0.36971998,0.4769773,0.5390392,0.49727654,0.48908576
uptoj001,Justin Upton,0.55408925,0.57242143,0.59942704,0.5445036,0.54454845,0.5481389,0.57915163,0.518678,0.4278289
uribj002,Juan Uribe,0.47562853,0.46588293,0.530685,0.45414448,0.5062347,0.4966591,0.5643952,0.46205324,0.48768985
utlec001,Chase Utley,0.500048,0.5131023,0.49437845,0.4871626,0.6609801,0.6020849,0.37760192,0.5138048,0.5410178
valbl001,Luis Valbuena,0.45676792,0.57037306,0.6198094,0.5708916,0.59618247,0.570688,0.3676291,0.52879226,0.549677
valed001,Danny Valencia,0.49001974,0.4698407,0.5483833,0.44511247,0.48529366,0.3954988,0.59048057,0.44498932,0.4342239
vanss001,Scott Van Slyke,0.573234,0.63571334,0.5999312,0.5839443,0.490756,0.41129732,0.62163365,0.413166,0.52440447
vargk001,Kennys Vargas,0.5337984,0.37757093,0.4742656,0.5323858,0.49586558,0.5093182,0.53277403,0.5308902,0.47408336
vazqc001,Christian Vazquez,0.44602016,0.5223762,0.4678618,0.410111,0.42569613,0.4872787,0.5580363,0.56745154,0.46912023
venaw001,Will Venable,0.39324325,0.38709074,0.45926675,0.6012691,0.48192018,0.51550525,0.4168204,0.48484597,0.5048494
vicid001,Dayan Viciedo,0.5202938,0.42661157,0.55929184,0.44084767,0.50861263,0.48689947,0.51776636,0.5418522,0.46102965
victs001,Shane Victorino,0.48028693,0.47998708,0.4271507,0.42769834,0.46466053,0.4218163,0.49861786,0.43908173,0.5319407
villj001,Jonathan Villar,0.4768737,0.43866575,0.39020908,0.5989908,0.38546607,0.38666028,0.55663675,0.5233246,0.47818193
vogts001,Stephen Vogt,0.549461,0.51434433,0.5562952,0.5092476,0.6747515,0.5548504,0.43477088,0.5393208,0.5973115
vottj001,Joey Votto,0.4553507,0.57357514,0.38165033,0.69081914,0.74938715,0.4972635,0.55169344,0.5053243,0.46189407
walkn001,Neil Walker,0.4644164,0.51839197,0.50310665,0.5113054,0.6066847,0.5587053,0.37640843,0.46926865,0.4919479
wallb001,Brett Wallace,0.46591818,0.4054642,0.5365137,0.68632734,0.6042479,0.53440183,0.41026944,0.51047003,0.4317086
weekr001,Rickie Weeks,0.51408273,0.5644564,0.5276463,0.52282286,0.40745008,0.47212827,0.5675092,0.51463115,0.3917526
wellv001,Vernon Wells,0.5480274,0.51080304,0.51729697,0.42671812,0.5140734,0.39510453,0.5259548,0.5236126,0.55938524
wertj001,Jayson Werth,0.5532195,0.6299612,0.55519146,0.511987,0.57509935,0.5531142,0.62137675,0.49108908,0.47980306
wietm001,Matt Wieters,0.5039646,0.45531964,0.58359736,0.50109625,0.61076736,0.509501,0.46604732,0.5406008,0.5536189
willj004,Josh Willingham,0.6030717,0.7016839,0.56820947,0.6003769,0.5125404,0.40513784,0.5736486,0.4900392,0.44798347
wilsb002,Bobby Wilson,0.5604235,0.5496322,0.50683075,0.49472982,0.41939777,0.43813962,0.56953704,0.503981,0.46383166
wongk001,Kolten Wong,0.45582536,0.4254708,0.4439241,0.48295468,0.49502224,0.49428403,0.42464703,0.5018971,0.553642
wrigd002,David Wright,0.4758439,0.57038945,0.5970658,0.48520356,0.5360772,0.5528233,0.6632861,0.5120758,0.54847705
yelic001,Christian Yelich,0.44583422,0.40432435,0.24031311,0.6414145,0.52837026,0.36220768,0.5287712,0.55071074,0.4344571
younc004,Chris Young,0.565202,0.6457487,0.54805756,0.52940774,0.47266167,0.28009266,0.4548388,0.40121046,0.51090854
yound003,Delmon Young,0.52591014,0.45037618,0.5245313,0.4180744,0.50409573,0.54955626,0.60634935,0.5098047,0.46093532
youne003,Eric Young,0.44943902,0.46322557,0.3094687,0.5242018,0.33583885,0.47078893,0.40404588,0.5534908,0.4811042
younm003,Michael Young,0.4578056,0.4886035,0.4941063,0.40758654,0.40220279,0.5646066,0.53700554,0.5884328,0.44073048
zimmr001,Ryan Zimmerman,0.42893738,0.5216136,0.6168397,0.47094777,0.5062983,0.53043437,0.57527566,0.5706002,0.43536913
zobrb001,Ben Zobrist,0.3824575,0.5660656,0.4984657,0.47111717,0.5191438,0.50795054,0.42388588,0.5689626,0.5572135
zunim001,Mike Zunino,0.6527264,0.53035766,0.60287607,0.5493921,0.4573506,0.3711504,0.48066694,0.39639038,0.49113145
